City_ID,City,Country,Date,Lat,Lng,Max Temp,Humidity,Cloudiness,Wind Speed
0,Kapaa,US,2022-03-13 05:44:08,22.0752,-159.319,78.78,78,100,12.66
1,Ushuaia,AR,2022-03-13 05:44:09,-54.8,-68.3,47.86,61,75,14.97
2,Lavrentiya,RU,2022-03-13 05:44:09,65.5833,-171.0,4.14,69,2,9.13
3,Dikson,RU,2022-03-13 05:44:10,73.5069,80.5464,-8.57,93,100,18.41
4,Saint-Philippe,RE,2022-03-13 05:44:10,-21.3585,55.7679,77.22,88,65,13.94
5,Vardo,NO,2022-03-13 05:44:10,70.3705,31.1107,31.08,85,76,7.7
6,Hervey Bay,AU,2022-03-13 05:44:11,-25.2986,152.8535,79.02,63,27,11.01
7,Vaini,TO,2022-03-13 05:44:11,-21.2,-175.2,82.56,89,40,2.3
8,Hyeres,FR,2022-03-13 05:44:12,43.1167,6.1167,50.67,71,100,19.57
9,San Carlos Del Zulia,VE,2022-03-13 05:44:12,9.0,-71.9135,74.57,92,96,3.53
10,Camacari,BR,2022-03-13 05:44:12,-12.6975,-38.3242,82.17,92,20,2.13
11,Padre Paraiso,BR,2022-03-13 05:44:13,-17.0742,-41.4844,64.29,97,88,0.81
12,Khatanga,RU,2022-03-13 05:44:13,71.9667,102.5,-9.99,95,100,11.59
13,Hermanus,ZA,2022-03-13 05:44:14,-34.4187,19.2345,61.81,84,26,13.96
14,Emiliano Zapata,MX,2022-03-13 05:44:14,18.8333,-99.1833,65.25,55,1,1.95
15,Mut,TR,2022-03-13 05:44:15,36.6439,33.4389,29.16,69,91,9.84
16,Greensburg,US,2022-03-13 05:39:48,40.3015,-79.5389,16.95,74,79,16.11
17,Kavieng,PG,2022-03-13 05:44:15,-2.5744,150.7967,84.72,71,78,9.42
18,Liuzhou,CN,2022-03-13 05:44:16,24.3126,109.3892,77.92,63,99,10.16
19,Mataura,NZ,2022-03-13 05:44:16,-46.1927,168.8643,62.47,62,5,3.27
20,Rocha,UY,2022-03-13 05:44:16,-34.4833,-54.3333,52.54,90,23,2.33
21,Manaus,BR,2022-03-13 05:44:17,-3.1019,-60.025,79.29,94,40,2.3
22,Half Moon Bay,US,2022-03-13 05:44:17,37.4636,-122.4286,53.98,77,100,5.75
23,Cairns,AU,2022-03-13 05:44:17,-16.9167,145.7667,88.07,97,75,4.61
24,Bluff,NZ,2022-03-13 05:44:18,-46.6,168.3333,62.8,76,0,11.21
25,Busselton,AU,2022-03-13 05:44:18,-33.65,115.3333,80.2,53,85,11.43
26,Avarua,CK,2022-03-13 05:44:19,-21.2078,-159.775,78.85,89,94,1.14
27,Hilo,US,2022-03-13 05:44:19,19.7297,-155.09,73.13,83,75,3.44
28,Clyde River,CA,2022-03-13 05:44:19,70.4692,-68.5914,-27.17,68,75,3.44
29,Rikitea,PF,2022-03-13 05:44:20,-23.1203,-134.9692,79.25,73,70,12.88
30,Qaanaaq,GL,2022-03-13 05:44:20,77.484,-69.3632,-14.42,72,18,6.82
31,Hamilton,US,2022-03-13 05:42:31,39.1834,-84.5333,21.72,66,0,4.61
32,Kidal,ML,2022-03-13 05:44:21,18.4411,1.4078,68.7,13,0,11.59
33,Norman Wells,CA,2022-03-13 05:44:21,65.282,-126.8329,-5.76,71,100,13.8
34,Marsh Harbour,BS,2022-03-13 05:44:22,26.5412,-77.0636,68.56,65,49,28.39
35,Punta Arenas,CL,2022-03-13 05:44:22,-53.15,-70.9167,46.51,66,20,20.71
36,Constitucion,CL,2022-03-13 05:41:13,-35.3333,-72.4167,60.17,66,0,5.01
37,Yaan,NG,2022-03-13 05:44:22,7.3833,8.5667,78.48,75,97,5.59
38,Aripuana,BR,2022-03-13 05:44:23,-9.1667,-60.6333,71.64,99,100,0.4
39,Yellowknife,CA,2022-03-13 05:44:23,62.456,-114.3525,-6.72,87,40,6.91
40,Maniitsoq,GL,2022-03-13 05:44:24,65.4167,-52.9,1.85,97,100,0.96
41,Guerrero Negro,MX,2022-03-13 05:44:24,27.9769,-114.0611,59.83,68,57,13.15
42,Cape Town,ZA,2022-03-13 05:40:46,-33.9258,18.4232,63.01,93,100,10.36
43,East London,ZA,2022-03-13 05:44:25,-33.0153,27.9116,72.54,78,0,13.8
44,Klaksvik,FO,2022-03-13 05:44:25,62.2266,-6.589,40.12,82,99,5.12
45,Isangel,VU,2022-03-13 05:44:25,-19.55,169.2667,83.23,68,51,5.7
46,Itarema,BR,2022-03-13 05:44:26,-2.9248,-39.9167,74.62,91,88,2.17
47,Logrono,ES,2022-03-13 05:44:27,42.4667,-2.45,43.43,93,100,2.3
48,Saskylakh,RU,2022-03-13 05:44:27,71.9167,114.0833,-7.2,90,99,4.32
49,Lebu,CL,2022-03-13 05:44:28,-37.6167,-73.65,55.72,93,23,12.82
50,Grinnell,US,2022-03-13 05:44:28,41.743,-92.7224,24.78,65,100,16.11
51,Rio Grande,BR,2022-03-13 05:44:29,-32.035,-52.0986,53.94,64,89,2.1
52,Pimentel,PE,2022-03-13 05:44:29,-6.8367,-79.9342,72.82,78,88,6.06
53,Pacific Grove,US,2022-03-13 05:44:18,36.6177,-121.9166,51.42,82,40,4.61
54,Carnarvon,AU,2022-03-13 05:44:30,-24.8667,113.6333,84.27,58,0,20.71
55,Charters Towers,AU,2022-03-13 05:44:30,-20.1,146.2667,83.68,58,94,16.73
56,Tasiilaq,GL,2022-03-13 05:44:30,65.6145,-37.6368,30.36,92,100,12.15
57,Bredasdorp,ZA,2022-03-13 05:44:31,-34.5322,20.0403,61.92,88,6,11.5
58,Ilulissat,GL,2022-03-13 05:44:31,69.2167,-51.1,6.82,72,100,11.5
59,New Norfolk,AU,2022-03-13 05:44:32,-42.7826,147.0587,79.88,22,17,1.99
60,Grande Prairie,CA,2022-03-13 05:44:32,55.1667,-118.8027,17.78,79,75,13.8
61,Barrow,US,2022-03-13 05:44:32,71.2906,-156.7887,-23.78,76,0,8.05
62,Albany,US,2022-03-13 05:43:52,42.6001,-73.9662,18.95,66,66,3.0
63,Mizdah,LY,2022-03-13 05:44:33,31.4451,12.9801,47.68,60,14,4.81
64,Sinazongwe,ZM,2022-03-13 05:44:34,-17.2614,27.4618,76.24,74,84,5.17
65,Jamestown,US,2022-03-13 05:43:54,42.097,-79.2353,18.99,58,100,20.71
66,Puerto Ayora,EC,2022-03-13 05:44:34,-0.7393,-90.3518,74.55,100,4,1.61
67,Ostrovnoy,RU,2022-03-13 05:44:35,68.0531,39.5131,28.22,89,100,16.8
68,Butaritari,KI,2022-03-13 05:44:35,3.0707,172.7902,81.5,80,51,19.53
69,Kruisfontein,ZA,2022-03-13 05:44:35,-34.0033,24.7314,66.47,91,100,10.25
70,Saldanha,ZA,2022-03-13 05:44:36,-33.0117,17.9442,60.85,89,90,13.47
71,Bambous Virieux,MU,2022-03-13 05:44:36,-20.3428,57.7575,84.22,83,75,11.5
72,Sovetskiy,RU,2022-03-13 05:44:37,61.3614,63.5842,11.21,86,100,10.8
73,Ekibastuz,KZ,2022-03-13 05:44:37,51.6667,75.3667,14.74,91,100,21.09
74,Tiksi,RU,2022-03-13 05:44:38,71.6872,128.8694,-12.87,98,48,1.9
75,Bubaque,GW,2022-03-13 05:44:38,11.2833,-15.8333,75.16,72,32,9.75
76,Atuona,PF,2022-03-13 05:44:39,-9.8,-139.0333,78.64,77,40,14.29
77,Katsuura,JP,2022-03-13 05:44:39,35.1333,140.3,64.31,71,96,19.69
78,Port Alfred,ZA,2022-03-13 05:44:39,-33.5906,26.891,74.55,79,52,21.07
79,Codajas,BR,2022-03-13 05:44:40,-3.8367,-62.0569,73.89,95,99,2.66
80,Georgetown,MY,2022-03-13 05:44:40,5.4112,100.3354,91.33,70,20,5.99
81,Pangnirtung,CA,2022-03-13 05:44:41,66.1451,-65.7125,-27.71,87,21,6.58
82,Lagoa,PT,2022-03-13 05:44:41,39.05,-27.9833,56.75,60,5,30.18
83,Voh,NC,2022-03-13 05:44:41,-20.9667,164.7,82.54,78,62,4.92
84,Buala,SB,2022-03-13 05:44:42,-8.145,159.5921,82.22,79,96,3.22
85,Tuktoyaktuk,CA,2022-03-13 05:44:42,69.4541,-133.0374,-13.0,77,100,14.97
86,Gizo,SB,2022-03-13 05:43:11,-8.103,156.8419,84.06,63,94,0.67
87,Yulara,AU,2022-03-13 05:44:43,-25.2406,130.9889,100.24,10,34,12.66
88,Conceicao Do Araguaia,BR,2022-03-13 05:44:43,-8.2578,-49.2647,71.91,96,83,0.6
89,Oga,IT,2022-03-13 05:44:43,46.4631,10.347,28.81,91,77,3.33
90,Kamaishi,JP,2022-03-13 05:44:44,39.2667,141.8833,41.14,89,100,2.95
91,Moron,AR,2022-03-13 05:44:44,-34.6534,-58.6198,65.95,79,0,3.27
92,Cherskiy,RU,2022-03-13 05:44:45,68.75,161.3,-0.98,88,100,1.92
93,San Pedro De Macoris,DO,2022-03-13 05:44:45,18.4616,-69.2972,73.53,91,92,6.8
94,The Pas,CA,2022-03-13 05:44:46,53.8251,-101.2541,8.62,85,100,2.3
95,Sao Filipe,CV,2022-03-13 05:44:46,14.8961,-24.4956,73.53,58,0,12.57
96,Petatlan,MX,2022-03-13 05:44:47,17.5167,-101.2667,69.75,82,1,3.31
97,Havoysund,NO,2022-03-13 05:44:47,70.9963,24.6622,35.2,87,77,12.24
98,Puerto Escondido,MX,2022-03-13 05:44:48,15.85,-97.0667,77.09,66,7,5.44
99,Kloulklubed,PW,2022-03-13 05:44:48,7.0419,134.2556,81.1,76,60,11.21
100,Alunis,RO,2022-03-13 05:44:48,45.2,25.8667,30.42,74,100,3.13
101,Upernavik,GL,2022-03-13 05:44:49,72.7868,-56.1549,-13.45,93,100,1.74
102,Cockburn Town,TC,2022-03-13 05:44:49,21.4612,-71.1419,78.42,82,7,15.12
103,Monchegorsk,RU,2022-03-13 05:44:50,67.9397,32.8739,22.96,94,100,2.39
104,Maniwaki,CA,2022-03-13 05:44:46,46.3834,-75.966,16.18,62,99,13.8
105,Ampanihy,MG,2022-03-13 05:44:50,-24.7,44.75,83.48,49,0,11.65
106,Plast,RU,2022-03-13 05:44:51,54.3691,60.8136,1.72,89,81,4.61
107,Buraydah,SA,2022-03-13 05:44:51,26.326,43.975,57.65,22,93,15.95
108,Ipira,BR,2022-03-13 05:43:51,-12.1583,-39.7372,71.17,93,24,3.65
109,Plakhtiyivka,UA,2022-03-13 05:44:52,46.1006,29.7217,30.83,81,100,8.46
110,Hobart,AU,2022-03-13 05:40:18,-42.8794,147.3294,80.22,54,20,14.97
111,Bereda,ES,2022-03-13 05:44:52,43.2686,-7.5406,40.41,100,83,4.12
112,Hayrabolu,TR,2022-03-13 05:44:53,41.2131,27.1069,30.02,56,15,5.46
113,Thompson,CA,2022-03-13 05:44:53,55.7435,-97.8558,-9.24,84,0,0.0
114,Wangkui,CN,2022-03-13 05:44:53,46.8333,126.5,30.79,82,48,9.44
115,Narsaq,GL,2022-03-13 05:44:54,60.9167,-46.05,14.22,89,74,3.11
116,Saint-Joseph,RE,2022-03-13 05:44:54,-21.3667,55.6167,76.21,82,47,14.52
117,Necochea,AR,2022-03-13 05:43:46,-38.5473,-58.7368,57.97,57,1,10.63
118,Magadi,IN,2022-03-13 05:44:55,12.9667,77.2333,87.76,20,29,13.89
119,Bethel,US,2022-03-13 05:43:35,41.3712,-73.414,23.31,64,75,16.11
120,Lipin Bor,RU,2022-03-13 05:44:55,60.2622,37.9763,30.43,97,100,7.29
121,Mar Del Plata,AR,2022-03-13 05:44:56,-38.0023,-57.5575,59.09,83,0,6.91
122,Tazovskiy,RU,2022-03-13 05:44:56,67.4667,78.7,-7.17,96,43,10.6
123,Longview,US,2022-03-13 05:41:43,32.5007,-94.7405,37.56,69,0,6.91
124,Karpathos,GR,2022-03-13 05:44:56,35.507,27.2132,40.96,48,8,9.22
125,Kiunga,PG,2022-03-13 05:44:57,-6.1219,141.2906,95.52,46,63,3.36
126,Palu,ID,2022-03-13 05:44:57,-0.8917,119.8707,80.53,92,99,2.42
127,Celestun,MX,2022-03-13 05:44:57,20.8667,-90.4,71.64,70,100,18.66
128,Broome,US,2022-03-13 05:43:14,42.2506,-75.833,17.02,78,100,18.41
129,Ust-Nera,RU,2022-03-13 05:44:58,64.5667,143.2,9.14,88,94,2.15
130,Tula,RU,2022-03-13 05:40:40,54.2044,37.6111,19.35,99,99,4.23
131,Fort Nelson,CA,2022-03-13 05:44:58,58.8053,-122.7002,2.79,78,100,10.36
132,Chokwe,MZ,2022-03-13 05:44:59,-24.5333,32.9833,78.06,66,0,3.04
133,Tuatapere,NZ,2022-03-13 05:44:59,-46.1333,167.6833,62.74,68,0,4.92
134,Miri,MY,2022-03-13 05:45:00,4.4148,114.0089,89.74,70,40,8.05
135,Primorka,RU,2022-03-13 05:45:00,47.2836,39.0625,25.9,60,57,6.53
136,Warri,NG,2022-03-13 05:45:00,5.5167,5.75,76.86,93,100,3.22
137,Pevek,RU,2022-03-13 05:45:01,69.7008,170.3133,-11.47,100,94,3.98
138,Bandarbeyla,SO,2022-03-13 05:45:01,9.4942,50.8122,80.33,64,49,15.46
139,Nicoya,CR,2022-03-13 05:45:02,10.1483,-85.452,76.5,74,32,3.62
140,Sile,TR,2022-03-13 05:45:03,41.1754,29.6133,31.57,67,72,1.01
141,Longyearbyen,SJ,2022-03-13 05:42:27,78.2186,15.6401,17.44,86,0,0.0
142,Leesburg,US,2022-03-13 05:44:13,39.1157,-77.5636,23.11,66,0,14.97
143,Fairbanks,US,2022-03-13 05:45:04,64.8378,-147.7164,4.96,47,0,16.11
144,Port Macquarie,AU,2022-03-13 05:45:04,-31.4333,152.9167,73.89,61,71,5.99
145,Itapipoca,BR,2022-03-13 05:40:05,-3.4944,-39.5786,72.21,95,100,0.65
146,Maceio,BR,2022-03-13 05:44:00,-9.6658,-35.7353,76.44,88,20,1.14
147,Takoradi,GH,2022-03-13 05:45:05,4.8845,-1.7554,78.76,86,95,5.1
148,Santa Pola,ES,2022-03-13 05:45:06,38.1917,-0.5658,56.66,74,0,4.61
149,Lasa,IT,2022-03-13 05:45:06,46.6166,10.7002,27.36,88,82,2.37
150,Am Timan,TD,2022-03-13 05:45:07,11.0297,20.2827,80.38,18,5,6.87
151,Pisco,PE,2022-03-13 05:45:07,-13.7,-76.2167,69.85,83,0,3.44
152,Esperance,AU,2022-03-13 05:45:08,-33.8667,121.9,84.04,66,10,15.1
153,Vila Franca Do Campo,PT,2022-03-13 05:45:08,37.7167,-25.4333,55.2,66,47,14.58
154,Dayong,CN,2022-03-13 05:45:08,25.0209,118.2898,86.18,39,5,4.05
155,Ulfborg,DK,2022-03-13 05:45:09,56.2673,8.3217,34.9,62,99,15.23
156,Hithadhoo,MV,2022-03-13 05:45:09,-0.6,73.0833,83.16,70,17,5.26
157,Castro,BR,2022-03-13 05:45:09,-24.7911,-50.0119,61.65,99,100,6.67
158,Goderich,CA,2022-03-13 05:45:10,43.7501,-81.7165,19.9,73,100,14.97
159,Magistralnyy,RU,2022-03-13 05:45:10,56.1725,107.4458,11.21,72,98,4.61
160,Hay River,CA,2022-03-13 05:45:11,60.8156,-115.7999,-2.22,71,75,12.66
161,Mumford,GH,2022-03-13 05:45:11,5.2618,-0.759,78.58,85,95,5.5
162,Jiwani,PK,2022-03-13 05:45:12,25.05,61.7417,79.39,61,2,6.67
163,Saint-Augustin,CA,2022-03-13 05:45:12,51.226,-58.6502,35.62,100,100,9.64
164,Ribeira Grande,PT,2022-03-13 05:45:12,38.5167,-28.7,58.1,60,4,24.34
165,Sainte-Martine,CA,2022-03-13 05:45:13,45.2501,-73.7992,21.24,78,99,12.66
166,Geraldton,AU,2022-03-13 05:45:13,-28.7667,114.6,81.01,54,51,13.8
167,Algeciras,ES,2022-03-13 05:45:14,36.1333,-5.4505,58.68,82,75,11.5
168,Brae,GB,2022-03-13 05:45:14,60.3964,-1.353,45.14,91,99,22.75
169,Volodarka,UA,2022-03-13 05:45:15,49.5248,29.9122,29.08,91,90,8.43
170,Bondo,CD,2022-03-13 05:45:15,3.8146,23.6866,70.97,89,100,3.04
171,Tautira,PF,2022-03-13 05:45:15,-17.7333,-149.15,80.98,73,100,9.71
172,Tezu,IN,2022-03-13 05:45:16,27.9167,96.1667,95.0,13,54,4.56
173,Leh,IN,2022-03-13 05:45:16,34.1667,77.5833,25.39,53,1,2.75
174,Hambantota,LK,2022-03-13 05:45:17,6.1241,81.1185,88.14,74,20,10.36
175,Svetlyy,RU,2022-03-13 05:45:17,54.675,20.1347,21.25,51,0,5.5
176,Esso,RU,2022-03-13 05:45:17,55.9333,158.7,21.29,93,91,3.49
177,Aykhal,RU,2022-03-13 05:45:18,66.0,111.5,-4.95,81,93,1.97
178,Riyadh,SA,2022-03-13 05:42:14,24.6877,46.7219,60.94,22,1,10.38
179,Kieta,PG,2022-03-13 05:45:19,-6.2167,155.6333,84.33,63,79,2.73
180,Wetaskiwin,CA,2022-03-13 05:45:19,52.9668,-113.3687,26.08,95,80,6.53
181,Berbera,SO,2022-03-13 05:45:20,10.4396,45.0143,78.89,65,98,1.34
182,Nizwa,OM,2022-03-13 05:45:20,22.9333,57.5333,85.39,24,6,3.96
183,Karratha,AU,2022-03-13 05:45:21,-20.7377,116.8463,98.92,33,0,15.28
184,Leningradskiy,RU,2022-03-13 05:45:21,69.3833,178.4167,-7.44,97,38,5.12
185,Carepa,CO,2022-03-13 05:45:22,7.7585,-76.6525,75.6,93,98,1.68
186,Faanui,PF,2022-03-13 05:45:22,-16.4833,-151.75,81.93,71,63,12.19
187,Olkhovatka,RU,2022-03-13 05:45:23,50.2831,39.2872,12.58,93,96,2.48
188,Coffs Harbour,AU,2022-03-13 05:45:23,-30.3,153.1333,75.16,57,100,8.05
189,Dingle,PH,2022-03-13 05:45:24,10.9995,122.6711,87.31,67,57,6.96
190,Jiazi,CN,2022-03-13 05:45:24,22.8779,116.067,76.03,65,2,8.48
191,Lithakia,GR,2022-03-13 05:45:24,37.7167,20.8333,27.77,58,36,8.1
192,Sibolga,ID,2022-03-13 05:45:25,1.7427,98.7792,85.78,68,50,6.11
193,Nanortalik,GL,2022-03-13 05:45:25,60.1432,-45.2371,11.39,71,83,20.0
194,Chokurdakh,RU,2022-03-13 05:45:26,70.6333,147.9167,-7.22,91,100,5.73
195,Ranong,TH,2022-03-13 05:45:26,9.9658,98.6348,93.13,59,93,1.99
196,Hofn,IS,2022-03-13 05:45:27,64.2539,-15.2082,35.1,69,83,6.29
197,Pangody,RU,2022-03-13 05:45:27,65.85,74.4859,8.56,91,98,11.05
198,Touros,BR,2022-03-13 05:40:40,-5.1989,-35.4608,76.93,86,95,4.61
199,Yilan,TW,2022-03-13 05:45:28,24.757,121.753,89.02,62,14,7.67
200,San Juan,AR,2022-03-13 05:40:43,-31.5375,-68.5364,70.36,48,21,3.38
201,Iqaluit,CA,2022-03-13 05:45:28,63.7506,-68.5145,-24.07,76,0,2.3
202,Blenheim,NZ,2022-03-13 05:45:29,-41.516,173.9528,60.53,67,0,5.01
203,Dzhebariki-Khaya,RU,2022-03-13 05:45:29,62.2167,135.8,7.81,84,100,1.39
204,Sarakhs,IR,2022-03-13 05:45:29,36.5449,61.1577,55.54,82,100,6.91
205,Sangar,RU,2022-03-13 05:45:30,63.9242,127.4739,5.88,85,97,7.07
206,Labuan,MY,2022-03-13 05:45:30,5.2767,115.2417,86.36,74,20,8.05
207,Algiers,DZ,2022-03-13 05:40:48,36.7525,3.042,44.42,93,75,3.44
208,Bilma,NE,2022-03-13 05:45:31,18.6853,12.9164,60.73,21,2,11.41
209,Tiarei,PF,2022-03-13 05:45:31,-17.5333,-149.3333,82.42,73,100,9.8
210,Ambalavao,MG,2022-03-13 05:45:31,-21.8333,46.9333,69.42,77,97,6.08
211,Victoria,HK,2022-03-13 05:42:51,22.2855,114.1577,80.65,99,10,8.88
212,Colonial Park,US,2022-03-13 05:45:32,40.3006,-76.8097,21.36,57,20,27.0
213,Miraflores,MX,2022-03-13 05:45:33,19.2167,-98.8083,52.03,71,2,0.25
214,Shingu,JP,2022-03-13 05:45:33,33.7333,135.9833,66.9,56,100,13.09
215,Cabo San Lucas,MX,2022-03-13 05:45:34,22.8909,-109.9124,67.51,73,1,6.35
216,Tessalit,ML,2022-03-13 05:44:37,20.1986,1.0114,66.7,13,0,9.28
217,Gornopravdinsk,RU,2022-03-13 05:45:34,60.05,69.9,9.99,86,97,7.61
218,Kodiak,US,2022-03-13 05:45:34,57.79,-152.4072,38.71,87,100,9.22
219,Cam Ranh,VN,2022-03-13 05:45:35,11.9214,109.1591,87.76,58,40,10.36
220,Christchurch,NZ,2022-03-13 05:41:37,-43.5333,172.6333,62.94,64,20,12.66
221,Siilinjarvi,FI,2022-03-13 05:45:35,63.0833,27.6667,19.42,86,0,1.14
222,Ola,RU,2022-03-13 05:45:36,59.5833,151.2833,26.15,72,100,6.82
223,Namatanai,PG,2022-03-13 05:45:36,-3.6667,152.4333,84.25,70,100,7.11
224,Sisimiut,GL,2022-03-13 05:45:36,66.9395,-53.6735,-2.6,97,100,3.18
225,San Patricio,US,2022-03-13 05:45:37,28.017,-97.5169,51.84,55,75,6.85
226,Sungaipenuh,ID,2022-03-13 05:45:37,-2.0833,101.3833,77.94,69,100,4.81
227,Nikolskoye,RU,2022-03-13 05:45:38,59.7035,30.7861,31.78,97,91,4.0
228,Koutsouras,GR,2022-03-13 05:45:38,35.0339,25.9469,43.11,56,28,22.84
229,Oranjemund,NA,2022-03-13 05:45:39,-28.55,16.4333,63.81,91,27,9.37
230,Bom Jesus,BR,2022-03-13 05:45:39,-9.0744,-44.3586,71.91,86,90,1.61
231,Maneadero,MX,2022-03-13 05:45:28,31.7167,-116.5667,56.37,56,10,2.82
232,Chuy,UY,2022-03-13 05:45:40,-33.6971,-53.4616,56.61,83,30,1.77
233,Urucara,BR,2022-03-13 05:45:40,-2.5364,-57.76,73.44,98,57,1.61
234,Sarai Naurang,PK,2022-03-13 05:45:41,32.8259,70.7814,83.62,31,34,1.05
235,Cayenne,GF,2022-03-13 05:45:41,4.9333,-52.3333,77.09,1,75,5.01
236,Souillac,MU,2022-03-13 05:45:42,-20.5167,57.5167,82.78,83,75,11.5
237,Jamui,IN,2022-03-13 05:45:42,24.9167,86.2167,89.96,17,9,9.44
238,Saint George,US,2022-03-13 05:45:43,37.1041,-113.5841,50.63,33,0,3.44
239,Bogatoye,RU,2022-03-13 05:45:43,53.0601,51.3325,2.91,97,100,3.29
240,Sambava,MG,2022-03-13 05:45:43,-14.2667,50.1667,79.77,75,99,10.42
241,Cidreira,BR,2022-03-13 05:45:44,-30.1811,-50.2056,69.46,80,100,8.39
242,Caravelas,BR,2022-03-13 05:45:44,-17.7125,-39.2481,75.27,89,72,3.47
243,Porto-Vecchio,FR,2022-03-13 05:45:44,41.591,9.2795,49.66,76,100,17.27
244,Puerto Leguizamo,CO,2022-03-13 05:45:45,-0.1934,-74.7819,71.91,99,96,1.01
245,Eixo,PT,2022-03-13 05:45:45,40.6276,-8.5692,43.9,93,37,1.25
246,Tahoua,NE,2022-03-13 05:45:46,14.8888,5.2692,71.82,22,96,11.23
247,Laguna,US,2022-03-13 05:45:46,38.421,-121.4238,57.18,73,40,12.66
248,Muravlenko,RU,2022-03-13 05:45:46,63.7898,74.523,7.07,88,100,16.13
249,Kokstad,ZA,2022-03-13 05:45:47,-30.5472,29.4241,68.45,72,3,3.36
250,Whitehorse,CA,2022-03-13 05:45:47,60.7161,-135.0538,10.02,76,100,12.66
251,Yumen,CN,2022-03-13 05:45:47,40.2833,97.2,59.61,18,46,18.52
252,Lompoc,US,2022-03-13 05:43:29,34.6391,-120.4579,49.57,86,0,23.0
253,Mirnyy,RU,2022-03-13 05:45:48,62.5353,113.9611,5.23,71,100,4.0
254,Mossendjo,CG,2022-03-13 05:45:48,-2.9506,12.7261,69.66,99,100,0.16
255,Airai,TL,2022-03-13 05:45:48,-8.9266,125.4092,71.17,78,96,2.91
256,Port Lincoln,AU,2022-03-13 05:45:49,-34.7333,135.8667,78.28,42,80,6.15
257,Kysyl-Syr,RU,2022-03-13 05:45:49,63.8986,122.7617,6.26,84,97,5.23
258,Mahebourg,MU,2022-03-13 05:42:04,-20.4081,57.7,84.25,83,75,11.5
259,Provins,FR,2022-03-13 05:45:50,48.5833,3.1667,44.24,84,83,9.71
260,Mount Isa,AU,2022-03-13 05:45:50,-20.7333,139.5,98.37,25,37,8.05
261,Aurillac,FR,2022-03-13 05:45:50,44.9167,2.45,43.02,75,96,21.85
262,Ancud,CL,2022-03-13 05:45:51,-41.8697,-73.8203,50.34,84,69,2.42
263,Chipinge,ZW,2022-03-13 05:45:51,-20.1883,32.6236,69.1,80,47,2.19
264,Palmer,US,2022-03-13 05:45:52,42.1584,-72.3287,21.24,59,40,23.02
265,Kuito,AO,2022-03-13 05:45:52,-12.3833,16.9333,59.9,95,100,7.27
266,Alice Springs,AU,2022-03-13 05:45:24,-23.7,133.8833,98.15,12,1,9.22
267,Sayaxche,GT,2022-03-13 05:45:53,16.5167,-90.1667,68.56,99,97,6.6
268,Lengshuitan,CN,2022-03-13 05:45:53,26.4111,111.5956,84.94,47,22,9.78
269,Iralaya,HN,2022-03-13 05:45:53,15.0,-83.2333,78.26,81,1,10.33
270,Salas,ES,2022-03-13 05:45:54,43.4118,-6.2602,45.34,93,82,5.97
271,Kholmogory,RU,2022-03-13 05:45:54,64.2229,41.656,25.05,91,100,7.54
272,Hobyo,SO,2022-03-13 05:45:55,5.3505,48.5268,82.6,60,90,18.1
273,Gejiu,CN,2022-03-13 05:45:55,23.306,103.1635,74.5,37,49,6.89
274,Mezen,RU,2022-03-13 05:45:55,65.8522,44.24,25.48,93,100,8.9
275,Aklavik,CA,2022-03-13 05:45:56,68.2191,-135.0107,-22.88,90,79,3.58
276,Ararat,AM,2022-03-13 05:45:56,39.8317,44.7049,32.34,38,74,14.23
277,Boaco,NI,2022-03-13 05:45:56,12.4722,-85.6586,68.45,89,4,5.01
278,Meadville,US,2022-03-13 05:44:42,41.6414,-80.1515,18.64,70,40,11.5
279,Prieska,ZA,2022-03-13 05:45:57,-29.6641,22.7474,77.02,49,72,7.9
280,Okhotsk,RU,2022-03-13 05:45:58,59.3833,143.3,24.3,91,100,4.41
281,Benguela,AO,2022-03-13 05:45:58,-12.5763,13.4055,77.9,84,100,3.76
282,Sokolo,ML,2022-03-13 05:45:58,14.7328,-6.1219,72.16,14,56,12.28
283,Khvoynaya,RU,2022-03-13 05:45:59,58.9,34.5333,30.31,97,96,7.36
284,Paamiut,GL,2022-03-13 05:45:59,61.994,-49.6678,3.85,94,100,8.9
285,San Quintin,MX,2022-03-13 05:46:00,30.4833,-115.95,57.04,78,1,5.39
286,Praia,CV,2022-03-13 05:46:00,14.9215,-23.5087,77.54,22,0,19.57
287,Ciudad Bolivar,VE,2022-03-13 05:46:00,8.1222,-63.5497,75.78,83,93,11.18
288,Roebourne,AU,2022-03-13 05:46:01,-20.7833,117.1333,100.08,31,0,15.12
289,Sao Jose Da Coroa Grande,BR,2022-03-13 05:46:01,-8.8978,-35.1478,78.55,82,100,6.42
290,Vestmannaeyjar,IS,2022-03-13 05:46:02,63.4427,-20.2734,38.37,57,96,10.02
291,Sinjar,IQ,2022-03-13 05:46:02,36.3209,41.8754,41.52,76,82,4.72
292,Doha,QA,2022-03-13 05:46:03,25.2867,51.5333,73.38,73,31,6.91
293,Pacocha,PE,2022-03-13 05:46:03,-17.5833,-71.3333,69.76,88,36,2.8
294,Evensk,RU,2022-03-13 05:46:04,61.95,159.2333,17.55,81,82,8.75
295,Houma,US,2022-03-13 05:46:04,29.5958,-90.7195,42.01,58,0,6.82
296,Abha,SA,2022-03-13 05:45:52,18.2164,42.5053,60.62,67,0,0.0
297,Arani,IN,2022-03-13 05:46:05,12.6667,79.2833,90.66,28,87,9.01
298,Fortuna,US,2022-03-13 05:46:05,40.5982,-124.1573,50.99,94,75,0.0
299,Broken Hill,AU,2022-03-13 05:46:05,-31.95,141.4333,89.31,29,75,10.36
300,Marrakesh,MA,2022-03-13 05:46:06,31.6315,-8.0083,50.07,87,40,3.44
301,Kununurra,AU,2022-03-13 05:46:06,-15.7667,128.7333,96.78,46,40,6.91
302,Arraial Do Cabo,BR,2022-03-13 05:46:07,-22.9661,-42.0278,76.82,89,99,9.33
303,Labuhan,ID,2022-03-13 05:46:07,-6.8844,112.2051,85.78,71,95,5.17
304,Kyenjojo,UG,2022-03-13 05:46:08,0.6328,30.6214,74.77,53,98,2.73
305,Butka,RU,2022-03-13 05:46:08,56.7179,63.7866,8.4,82,72,4.36
306,Poya,NC,2022-03-13 05:46:09,-21.35,165.15,83.21,72,54,5.64
307,Port Elizabeth,ZA,2022-03-13 05:43:43,-33.918,25.5701,68.29,94,40,20.71
308,Kamenka,RU,2022-03-13 05:46:09,51.3223,42.7678,6.28,97,95,4.14
309,Bonavista,CA,2022-03-13 05:46:10,48.6499,-53.1147,48.15,91,100,42.66
310,Port-Gentil,GA,2022-03-13 05:46:10,-0.7193,8.7815,78.76,100,20,0.0
311,Victor Harbor,AU,2022-03-13 05:46:10,-35.5667,138.6167,75.99,52,83,7.49
312,Tura,IN,2022-03-13 05:46:11,25.5198,90.2201,92.79,15,52,4.38
313,Alofi,NU,2022-03-13 05:46:11,-19.0595,-169.9187,73.29,94,100,6.91
314,Maragogi,BR,2022-03-13 05:43:44,-9.0122,-35.2225,78.21,83,98,6.17
315,Ratnagiri,IN,2022-03-13 05:46:11,16.9833,73.3,93.81,31,3,5.14
316,Sioux Lookout,CA,2022-03-13 05:46:12,50.1001,-91.917,8.67,92,100,6.91
317,Bremerton,US,2022-03-13 05:46:12,47.5673,-122.6326,49.35,88,100,0.0
318,Honiara,SB,2022-03-13 05:44:05,-9.4333,159.95,81.99,78,100,1.41
319,Auki,SB,2022-03-13 05:46:13,-8.7676,160.7034,81.18,83,99,2.08
320,Vallenar,CL,2022-03-13 05:46:13,-28.5708,-70.7581,65.12,64,0,0.72
321,Taitung,TW,2022-03-13 05:41:31,22.7583,121.1444,80.87,61,75,9.22
322,Athabasca,CA,2022-03-13 05:46:14,54.7169,-113.2854,18.01,99,85,4.18
323,Adrar,MR,2022-03-13 05:46:14,20.5022,-10.0711,62.85,15,0,8.25
324,Hohhot,CN,2022-03-13 05:46:15,40.8106,111.6522,55.69,30,0,4.47
325,Waingapu,ID,2022-03-13 05:46:15,-9.6567,120.2641,86.5,69,100,8.9
326,Vizinga,RU,2022-03-13 05:46:16,61.0749,50.1031,25.2,90,97,8.32
327,Guadalajara,MX,2022-03-13 05:46:06,20.6667,-103.3333,57.13,35,0,2.93
328,Severo-Kurilsk,RU,2022-03-13 05:46:16,50.6789,156.125,32.4,81,80,3.76
329,Selizharovo,RU,2022-03-13 05:46:17,56.8519,33.4487,27.63,90,99,4.79
330,Ulladulla,AU,2022-03-13 05:46:17,-35.35,150.4667,73.76,67,66,6.08
331,Ilebo,CD,2022-03-13 05:46:17,-4.3167,20.5833,69.49,99,100,1.23
332,Dengzhou,CN,2022-03-13 05:46:18,37.8086,120.7508,47.59,82,95,9.66
333,Saint Andrews,US,2022-03-13 05:46:18,34.0454,-81.1293,31.59,47,0,4.61
334,Vostok,RU,2022-03-13 05:46:19,46.4856,135.8833,30.96,93,100,2.39
335,Talara,PE,2022-03-13 05:46:19,-4.5772,-81.2719,77.41,83,99,4.41
336,Altamira,BR,2022-03-13 05:46:19,-3.2033,-52.2064,71.82,99,82,1.21
337,Ulaanbaatar,MN,2022-03-13 05:46:20,47.9077,106.8832,30.33,59,75,2.24
338,Salalah,OM,2022-03-13 05:46:20,17.0151,54.0924,82.49,34,0,0.0
339,Strijen,NL,2022-03-13 05:46:20,51.7452,4.5508,50.02,81,100,5.99
340,Naze,JP,2022-03-13 05:44:19,28.3667,129.4833,68.92,79,11,12.17
341,Iskateley,RU,2022-03-13 05:46:21,67.6803,53.1512,17.46,94,100,11.95
342,Olafsvik,IS,2022-03-13 05:46:21,64.8945,-23.7142,36.52,54,58,13.53
343,Axim,GH,2022-03-13 05:46:22,4.8699,-2.2405,78.94,86,92,5.26
344,Champerico,GT,2022-03-13 05:46:22,14.3,-91.9167,79.38,75,6,5.77
345,Conceicao Da Barra,BR,2022-03-13 05:46:23,-18.5933,-39.7322,73.51,95,41,3.42
346,Port Augusta,AU,2022-03-13 05:46:23,-32.5,137.7667,92.98,12,68,11.95
347,Galle,LK,2022-03-13 05:43:40,6.0367,80.217,83.91,68,90,6.82
348,Berezovyy,RU,2022-03-13 05:46:24,51.6667,135.7,24.51,83,100,3.42
349,Senador Jose Porfirio,BR,2022-03-13 05:46:24,-2.5908,-51.9542,72.82,98,84,1.81
350,Raudeberg,NO,2022-03-13 05:46:24,61.9875,5.1352,47.07,62,81,13.13
351,Padre Bernardo,BR,2022-03-13 05:46:25,-15.35,-48.5,65.91,97,84,1.99
352,Cap-Aux-Meules,CA,2022-03-13 05:46:24,47.3821,-61.8597,35.62,100,100,19.57
353,Verkhoyansk,RU,2022-03-13 05:46:26,67.5447,133.385,2.35,87,100,0.81
354,Kaabong,UG,2022-03-13 05:46:26,3.4836,34.1492,76.78,39,99,14.41
355,Imbituba,BR,2022-03-13 05:46:26,-28.24,-48.6703,68.83,91,99,3.87
356,Paso De Los Toros,UY,2022-03-13 05:46:27,-32.8167,-56.5167,56.82,74,76,6.49
357,Sistranda,NO,2022-03-13 05:46:27,63.7256,8.834,40.96,56,66,7.74
358,Shache,CN,2022-03-13 05:46:27,38.4167,77.2406,70.5,18,39,3.85
359,San Angelo,US,2022-03-13 05:43:19,31.4638,-100.437,39.42,25,0,8.01
360,Yamada,JP,2022-03-13 05:46:28,39.4667,141.95,40.24,92,98,5.37
361,Oksfjord,NO,2022-03-13 05:46:28,70.2396,22.3479,33.87,86,99,10.36
362,Eureka,US,2022-03-13 05:46:29,40.8021,-124.1637,51.67,86,100,7.0
363,Saint-Prosper,CA,2022-03-13 05:46:29,46.2117,-70.4811,17.89,85,100,14.36
364,San Miguel,SV,2022-03-13 05:43:48,13.4833,-88.1833,82.06,78,75,2.3
365,Najran,SA,2022-03-13 05:46:30,17.4924,44.1277,54.25,39,7,0.51
366,Sitka,US,2022-03-13 05:46:30,57.0531,-135.33,37.29,87,20,4.61
367,Bundaberg,AU,2022-03-13 05:44:17,-24.85,152.35,79.09,61,75,12.66
368,Eydhafushi,MV,2022-03-13 05:46:30,5.1033,73.0708,83.1,72,3,10.13
369,Lanivtsi,UA,2022-03-13 05:46:31,49.8633,26.0908,29.26,89,96,7.85
370,Padang,ID,2022-03-13 05:46:31,-0.9492,100.3543,86.05,72,91,6.71
371,Taltal,CL,2022-03-13 05:46:32,-25.4,-70.4833,65.14,82,6,0.69
372,Flinders,AU,2022-03-13 05:46:32,-34.5833,150.8552,74.17,72,53,3.0
373,Zumpango,MX,2022-03-13 05:42:00,19.7978,-99.1017,52.92,74,29,2.51
374,Camacha,PT,2022-03-13 05:46:33,33.0833,-16.3333,58.42,77,20,9.22
375,Lorengau,PG,2022-03-13 05:46:33,-2.0226,147.2712,85.6,66,91,7.38
376,Portland,US,2022-03-13 05:42:45,45.5234,-122.6762,50.52,88,100,14.0
377,Bambamarca,PE,2022-03-13 05:46:33,-6.6833,-78.5333,51.73,97,100,3.58
378,Rodino,RU,2022-03-13 05:46:34,52.5,80.25,13.35,75,96,19.53
379,Luderitz,NA,2022-03-13 05:46:34,-26.6481,15.1594,63.63,88,15,12.01
380,Moses Lake,US,2022-03-13 05:46:34,47.1301,-119.2781,48.56,49,75,5.75
381,Kroya,ID,2022-03-13 05:46:35,-7.6331,109.2461,88.74,63,66,8.7
382,Coquimbo,CL,2022-03-13 05:45:47,-29.9533,-71.3436,58.73,88,0,3.44
383,Micco,US,2022-03-13 05:46:35,27.8806,-80.5003,54.05,57,53,3.0
384,Roma,US,2022-03-13 05:43:56,43.2128,-75.4557,18.37,67,100,21.85
385,Belmonte,BR,2022-03-13 05:46:36,-15.8631,-38.8828,76.66,85,20,2.91
386,Guadalupe Y Calvo,MX,2022-03-13 05:46:36,26.1,-106.9667,38.57,29,100,4.65
387,Talnakh,RU,2022-03-13 05:46:37,69.4865,88.3972,-9.8,93,44,7.99
388,Mvuma,ZW,2022-03-13 05:46:37,-19.2792,30.5283,67.71,70,9,8.16
389,Palauig,PH,2022-03-13 05:46:37,15.435,119.9045,86.2,68,71,8.75
390,Asyut,EG,2022-03-13 05:46:38,27.181,31.1837,54.37,33,0,13.49
391,Bengkulu,ID,2022-03-13 05:45:25,-3.8004,102.2655,85.53,68,98,8.81
392,Banjar,ID,2022-03-13 05:44:56,-8.19,114.9675,84.11,84,95,2.93
393,Luanda,AO,2022-03-13 05:45:57,-8.8368,13.2343,78.8,83,40,0.0
394,Vila Velha,BR,2022-03-13 05:46:38,-20.3297,-40.2925,78.75,90,20,4.61
395,Pandan,PH,2022-03-13 05:46:39,14.0453,124.1694,79.3,87,64,10.13
396,Lac-Megantic,CA,2022-03-13 05:46:39,45.5834,-70.8823,15.55,93,100,15.39
397,Port Hedland,AU,2022-03-13 05:46:39,-20.3167,118.5667,98.65,53,2,17.27
398,Mangrol,IN,2022-03-13 05:46:40,21.1167,70.1167,87.66,30,3,3.49
399,Ust-Kuyga,RU,2022-03-13 05:46:40,70.0167,135.6,-6.09,93,100,4.99
400,Tilichiki,RU,2022-03-13 05:46:41,60.4667,166.1,11.34,88,5,7.27
401,Daru,PG,2022-03-13 05:46:41,-9.0763,143.2092,85.24,71,93,7.56
402,Dhidhdhoo,MV,2022-03-13 05:43:13,6.8833,73.1,83.12,70,2,9.33
403,Bani Walid,LY,2022-03-13 05:46:42,31.7566,13.9942,49.53,70,46,5.61
404,Opuwo,NA,2022-03-13 05:46:42,-18.0607,13.84,67.53,85,100,0.65
405,Rochegda,RU,2022-03-13 05:46:42,62.8,43.25,26.49,90,96,6.73
406,Kamien Pomorski,PL,2022-03-13 05:46:43,53.9685,14.7726,34.16,50,0,11.45
407,Hasaki,JP,2022-03-13 05:46:43,35.7333,140.8333,68.29,62,99,12.26
408,Aksu,CN,2022-03-13 05:46:44,41.1231,80.2644,63.66,22,73,16.64
409,Robinson,US,2022-03-13 05:46:44,31.4677,-97.1147,42.8,45,0,10.36
410,Jibuti,DJ,2022-03-13 05:46:44,11.5,42.5,76.42,53,67,14.36
411,Marzuq,YE,2022-03-13 05:46:45,14.4,46.4667,75.16,19,41,4.12
412,Santa,PH,2022-03-13 05:43:52,17.486,120.4348,88.02,85,75,10.18
413,Nome,US,2022-03-13 05:46:45,64.5011,-165.4064,21.27,35,0,9.22
414,Aktau,KZ,2022-03-13 05:46:46,43.65,51.2,30.78,72,100,12.06
415,Maymyo,MM,2022-03-13 05:46:46,22.0333,96.4667,90.66,24,2,9.17
416,Lengshuijiang,CN,2022-03-13 05:46:47,27.6881,111.4294,83.95,51,40,2.01
417,Myitkyina,MM,2022-03-13 05:46:47,25.3833,97.4,102.6,14,4,0.74
418,Maridi,SS,2022-03-13 05:46:48,4.9158,29.4742,77.67,59,79,7.16
419,Lata,PT,2022-03-13 05:46:48,40.1629,-8.3327,43.92,90,48,1.48
420,Byron Bay,AU,2022-03-13 05:46:48,-28.65,153.6167,76.89,77,42,10.89
421,The Valley,AI,2022-03-13 05:46:49,18.217,-63.0578,78.66,74,43,20.78
422,Ponta Do Sol,PT,2022-03-13 05:46:49,32.6667,-17.1,64.71,78,99,6.93
423,Bocana De Paiwas,NI,2022-03-13 05:46:49,12.7857,-85.1227,68.04,91,3,3.83
424,Erenhot,CN,2022-03-13 05:46:50,43.6475,111.9767,46.09,29,100,14.29
425,Dingli,MT,2022-03-13 05:46:50,35.8614,14.3822,48.81,93,75,17.27
426,Vestmanna,FO,2022-03-13 05:46:51,62.1564,-7.1664,38.32,93,75,3.44
427,Ligayan,PH,2022-03-13 05:46:51,4.6533,119.4706,83.95,71,86,4.5
428,Manokwari,ID,2022-03-13 05:46:51,-0.8667,134.0833,83.84,73,37,6.91
429,Belaya Gora,RU,2022-03-13 05:46:52,68.5333,146.4167,4.46,88,100,4.43
430,Muisne,EC,2022-03-13 05:46:52,0.6,-80.0333,74.79,89,98,1.81
431,Rioblanco,CO,2022-03-13 05:46:52,3.5308,-75.6806,59.92,90,100,3.74
432,Brewster,US,2022-03-13 05:46:53,41.3973,-73.6171,23.02,71,65,3.0
433,Olinda,BR,2022-03-13 05:46:53,-8.0089,-34.8553,82.13,78,40,6.91
434,Porto Tolle,IT,2022-03-13 05:46:54,44.9497,12.3245,32.04,52,0,2.95
435,Pleshanovo,RU,2022-03-13 05:46:54,52.8333,53.4833,3.24,93,72,0.43
436,Provideniya,RU,2022-03-13 05:46:55,64.3833,-173.3,14.02,56,0,12.33
437,Finote Selam,ET,2022-03-13 05:46:56,10.7,37.2667,73.31,39,22,1.88
438,Garissa,KE,2022-03-13 05:46:58,-0.4536,39.6401,82.06,56,90,7.25
439,Nelson Bay,AU,2022-03-13 05:46:58,-32.7167,152.15,78.1,66,66,1.99
440,Itoman,JP,2022-03-13 05:46:58,26.1247,127.6694,77.4,69,40,13.8
441,Hof,DE,2022-03-13 05:46:59,50.3167,11.9167,29.73,36,0,10.36
442,Abapo,BO,2022-03-13 05:46:59,-18.8333,-63.4667,56.66,93,71,3.36
443,Guarapari,BR,2022-03-13 05:46:48,-20.6667,-40.4975,76.89,92,0,7.63
444,Pasni,PK,2022-03-13 05:47:00,25.2631,63.471,79.97,53,45,6.96
445,Egvekinot,RU,2022-03-13 05:47:00,66.3167,-179.1667,9.75,53,0,10.09
446,Chishtian Mandi,PK,2022-03-13 05:47:01,29.8,72.8667,92.8,16,16,2.08
447,Kathu,TH,2022-03-13 05:47:01,7.9178,98.3332,89.42,67,90,0.83
448,Young,UY,2022-03-13 05:47:01,-32.6833,-57.6333,55.24,76,56,6.08
449,Kiama,AU,2022-03-13 05:47:02,-34.6833,150.8667,74.37,72,48,3.0
450,Clarksburg,US,2022-03-13 05:47:02,39.2807,-80.3445,19.85,58,100,11.5
451,Qaqortoq,GL,2022-03-13 05:44:21,60.7167,-46.0333,0.9,78,65,3.58
452,Tytuvenai,LT,2022-03-13 05:47:03,55.6,23.2,24.71,78,2,3.29
453,Linhares,BR,2022-03-13 05:47:03,-19.3911,-40.0722,72.05,97,12,1.05
454,Matara,LK,2022-03-13 05:47:03,5.9485,80.5353,87.13,59,100,4.16
455,Rawson,AR,2022-03-13 05:47:04,-43.3002,-65.1023,53.62,72,39,9.28
456,Qui Nhon,VN,2022-03-13 05:47:04,13.7667,109.2333,78.13,75,61,8.88
457,Red Bluff,US,2022-03-13 05:47:05,40.1785,-122.2358,63.28,31,0,6.91
458,Komsomolskiy,UZ,2022-03-13 05:47:05,40.4272,71.7189,54.32,87,100,4.61
459,Yerbogachen,RU,2022-03-13 05:47:05,61.2767,108.0108,2.03,76,86,4.47
460,Limoges,FR,2022-03-13 05:47:06,45.75,1.3333,46.96,71,0,17.27
461,Cassilandia,BR,2022-03-13 05:47:06,-19.1133,-51.7342,70.07,97,100,2.3
462,Yarmouth,US,2022-03-13 05:47:07,41.7057,-70.2286,26.96,73,100,35.99
463,Uglich,RU,2022-03-13 05:47:07,57.5275,38.3317,28.53,95,100,7.94
464,San Ramon,US,2022-03-13 05:44:48,37.7799,-121.978,52.48,79,75,11.5
465,Iracoubo,GF,2022-03-13 05:47:08,5.4802,-53.2011,75.43,91,97,8.88
466,Sechura,PE,2022-03-13 05:47:08,-5.5569,-80.8222,76.01,73,99,4.63
467,Nianzishan,CN,2022-03-13 05:47:08,47.5167,122.8833,35.15,46,99,6.24
468,Gwadar,PK,2022-03-13 05:47:09,25.1216,62.3254,79.97,57,3,6.22
469,Grand Gaube,MU,2022-03-13 05:47:09,-20.0064,57.6608,84.38,80,30,5.99
470,Les Herbiers,FR,2022-03-13 05:47:10,46.8667,-1.0167,46.11,96,100,11.61
471,Great Falls,US,2022-03-13 05:47:10,47.5002,-111.3008,38.16,52,0,10.36
472,Fairmont,US,2022-03-13 05:45:13,39.4851,-80.1426,20.32,70,94,7.45
473,Chekhov,RU,2022-03-13 05:47:11,55.1431,37.4711,24.85,86,92,2.68
474,Tamandare,BR,2022-03-13 05:47:11,-8.7597,-35.1047,78.31,81,100,5.53
475,Marystown,CA,2022-03-13 05:47:12,47.1666,-55.1483,47.86,100,100,18.01
476,Kahului,US,2022-03-13 05:47:12,20.8947,-156.47,77.02,64,20,18.41
477,Cerritos,US,2022-03-13 05:47:12,33.8583,-118.0648,64.78,60,0,10.36
478,Tandil,AR,2022-03-13 05:47:13,-37.3217,-59.1332,51.1,72,0,5.73
479,Puerto Maldonado,PE,2022-03-13 05:47:14,-12.6,-69.1833,67.24,96,100,1.7
480,Harper,LR,2022-03-13 05:47:15,4.375,-7.7169,79.43,85,100,13.51
481,Marawi,PH,2022-03-13 05:47:15,7.9986,124.2928,78.49,83,55,3.38
482,Carros,FR,2022-03-13 05:47:16,43.7894,7.184,49.71,59,75,28.77
483,Kavaratti,IN,2022-03-13 05:47:16,10.5669,72.642,83.21,71,6,5.73
484,Maryville,US,2022-03-13 05:47:16,35.7565,-83.9705,23.2,75,0,5.75
485,Urrao,CO,2022-03-13 05:47:16,6.3152,-76.1342,55.83,88,99,1.77
486,Caldas Novas,BR,2022-03-13 05:47:17,-17.7417,-48.625,67.03,97,95,1.77
487,Les Cayes,HT,2022-03-13 05:47:17,18.2,-73.75,74.66,80,0,4.63
488,Mancio Lima,BR,2022-03-13 05:47:17,-7.6142,-72.8958,71.67,99,100,2.44
489,Lao Cai,VN,2022-03-13 05:47:18,22.4833,103.95,78.76,74,88,2.8
490,Pundaguitan,PH,2022-03-13 05:47:18,6.3711,126.1689,83.66,74,55,9.01
491,Havelock,US,2022-03-13 05:47:18,34.8791,-76.9013,31.95,47,0,13.8
492,Pringsewu,ID,2022-03-13 05:47:19,-5.3582,104.9744,88.16,62,96,3.36
493,Aguimes,ES,2022-03-13 05:47:19,27.9054,-15.4461,61.43,72,75,12.66
494,Baykit,RU,2022-03-13 05:47:19,61.67,96.37,3.65,78,52,0.92
495,Awjilah,LY,2022-03-13 05:47:20,29.1081,21.2869,52.23,55,88,5.97
496,Marabba,SD,2022-03-13 05:47:20,12.35,32.1833,78.15,11,43,14.47
497,Kaitangata,NZ,2022-03-13 05:47:21,-46.2817,169.8464,59.52,79,1,6.91
498,Ordu,TR,2022-03-13 05:47:21,40.9086,37.6845,21.7,93,100,4.45
499,Bella Vista,US,2022-03-13 05:47:21,36.4295,-94.2316,38.55,55,0,10.36
500,Snezhnogorsk,RU,2022-03-13 05:47:22,69.1933,33.2531,20.98,99,99,3.22
501,Faya,SA,2022-03-13 05:47:22,18.3851,42.4509,60.91,47,7,0.98
502,Cognac,FR,2022-03-13 05:47:23,45.5,-0.25,50.18,87,100,10.36
503,Krugersdorp,ZA,2022-03-13 05:47:23,-26.0858,27.7752,64.08,84,1,5.21
504,Shimoni,KE,2022-03-13 05:47:23,-4.6476,39.3817,81.5,67,98,5.57
505,Tual,ID,2022-03-13 05:47:24,-5.6667,132.75,84.52,72,75,6.49
506,Husavik,IS,2022-03-13 05:47:24,66.0449,-17.3389,26.31,76,100,13.44
507,Alekseyevka,RU,2022-03-13 05:47:24,50.6309,38.6903,14.5,94,96,2.53
508,Kenora,CA,2022-03-13 05:44:25,49.8167,-94.4337,13.17,92,100,8.05
509,Harrismith,ZA,2022-03-13 05:47:25,-28.2728,29.1295,61.74,70,58,4.21
510,Beloha,MG,2022-03-13 05:47:25,-25.1667,45.05,81.81,59,8,11.65
511,Avera,US,2022-03-13 05:47:26,33.194,-82.5271,29.37,49,0,7.94
512,Carupano,VE,2022-03-13 05:47:26,10.6678,-63.2585,75.31,87,70,11.63
513,Emba,KZ,2022-03-13 05:47:26,48.8264,58.1442,11.43,87,99,6.49
514,Hovd,MN,2022-03-13 05:47:27,48.0056,91.6419,37.71,47,38,3.36
515,Mareeba,AU,2022-03-13 05:47:27,-17.0,145.4333,83.44,77,91,8.1
516,Margate,GB,2022-03-13 05:47:27,51.3813,1.3862,47.3,82,99,5.99
517,Bodden Town,KY,2022-03-13 05:47:28,19.2833,-81.25,79.0,82,9,1.01
518,Sinj,HR,2022-03-13 05:47:28,43.7036,16.6394,31.89,48,0,3.29
519,Ahipara,NZ,2022-03-13 05:47:28,-35.1667,173.1667,69.76,79,52,2.89
520,Batagay-Alyta,RU,2022-03-13 05:47:29,67.8006,130.4114,-0.63,84,97,2.04
521,Fukue,JP,2022-03-13 05:47:29,32.6881,128.8419,68.36,77,75,16.11
522,Amahai,ID,2022-03-13 05:47:29,-3.3333,128.9167,86.13,69,48,7.14
523,Nhulunbuy,AU,2022-03-13 05:47:30,-12.2333,136.7667,77.61,88,75,19.57
524,Ust-Uda,RU,2022-03-13 05:47:30,54.1742,103.0304,12.54,70,96,6.44
525,Mecca,SA,2022-03-13 05:47:31,21.4267,39.8261,72.64,54,1,4.99
526,Mount Gambier,AU,2022-03-13 05:47:31,-37.8333,140.7667,84.11,26,0,16.11
527,Doka,SD,2022-03-13 05:47:31,13.5167,35.7667,80.74,38,78,10.51
528,Xiuyan,CN,2022-03-13 05:47:32,40.2928,123.2744,56.93,36,56,10.42
529,Nha Trang,VN,2022-03-13 05:47:32,12.25,109.1833,87.8,67,96,10.31
530,Okha,RU,2022-03-13 05:47:32,53.5739,142.9478,23.81,83,100,5.93
531,Yokadouma,CM,2022-03-13 05:47:33,3.5167,15.05,70.79,82,86,2.06
532,Khromtau,KZ,2022-03-13 05:47:33,50.2503,58.4347,1.83,95,97,12.17
533,Kaduqli,SD,2022-03-13 05:47:34,11.0167,29.7167,78.71,12,59,15.19
534,Comodoro Rivadavia,AR,2022-03-13 05:45:01,-45.8667,-67.5,58.86,44,0,17.27
535,Twentynine Palms,US,2022-03-13 05:47:34,34.1356,-116.0542,60.24,16,1,3.0
536,Belen,TR,2022-03-13 05:47:34,36.4891,36.2233,32.14,93,75,8.05
537,Sault Sainte Marie,CA,2022-03-13 05:45:22,46.5168,-84.3333,7.09,74,0,3.44
538,Lagos,NG,2022-03-13 05:45:03,6.5833,3.75,77.32,87,100,2.44
539,Malabang,PH,2022-03-13 05:47:35,7.5903,124.0703,85.33,77,76,3.29
540,Ferme-Neuve,CA,2022-03-13 05:47:35,46.7001,-75.4493,9.59,87,100,14.09
541,Punta Gorda,US,2022-03-13 05:43:59,26.9298,-82.0454,53.64,58,0,17.27
542,Werda,BW,2022-03-13 05:47:36,-25.2667,23.2833,72.9,47,0,12.95
543,Oistins,BB,2022-03-13 05:47:36,13.0667,-59.5333,77.09,73,40,21.85
544,Quarai,BR,2022-03-13 05:47:38,-30.3875,-56.4514,59.22,66,97,7.47
545,Milkovo,RU,2022-03-13 05:47:38,54.7167,158.6167,24.21,84,100,1.81
546,Lucapa,AO,2022-03-13 05:47:38,-8.4192,20.7447,65.14,94,100,2.04
547,Antofagasta,CL,2022-03-13 05:47:39,-23.65,-70.4,61.88,82,23,3.36
548,Tateyama,JP,2022-03-13 05:47:39,34.9833,139.8667,63.63,75,99,24.72
549,Erzin,TR,2022-03-13 05:47:40,36.9559,36.2,40.69,63,44,1.9
550,Ormoz,SI,2022-03-13 05:47:40,46.4114,16.1544,30.43,53,0,3.24
551,Strezhevoy,RU,2022-03-13 05:47:40,60.7333,77.5889,8.74,91,100,5.91
552,Selenduma,RU,2022-03-13 05:47:41,50.9131,106.2406,23.22,68,100,9.8
553,Leshan,CN,2022-03-13 05:47:41,29.5623,103.7639,89.92,32,33,4.09
554,Hanzhong,CN,2022-03-13 05:47:41,33.0728,107.0303,80.78,42,14,1.92
555,Bathsheba,BB,2022-03-13 05:47:42,13.2167,-59.5167,77.61,73,40,21.85
556,Flagstaff,US,2022-03-13 05:47:42,35.1981,-111.6513,38.86,70,0,1.99
557,Nalut,LY,2022-03-13 05:47:42,30.3333,10.85,49.71,27,24,9.08
558,Urdoma,RU,2022-03-13 05:47:43,61.7533,48.5442,23.54,90,100,7.58
559,Ambanja,MG,2022-03-13 05:47:43,-13.6833,48.45,82.33,75,100,2.13
560,Alyangula,AU,2022-03-13 05:47:43,-13.8483,136.4192,89.47,66,99,9.22
561,Horni Plana,CZ,2022-03-13 05:47:44,48.7674,14.0326,31.15,39,0,3.6
562,Mariental,NA,2022-03-13 05:47:44,-24.6333,17.9667,75.34,45,33,7.0
563,Los Llanos De Aridane,ES,2022-03-13 05:47:45,28.6585,-17.9182,58.75,81,100,6.91
564,Surab,PK,2022-03-13 05:47:45,28.4914,66.2585,72.54,24,35,4.0
565,Sant Feliu De Guixols,ES,2022-03-13 05:47:45,41.7833,3.0333,55.15,65,99,5.93
566,Port Hardy,CA,2022-03-13 05:45:45,50.6996,-127.4199,46.4,75,100,12.66
567,Grand Baie,MU,2022-03-13 05:47:46,-20.0182,57.5802,84.45,80,30,5.99
568,Udachnyy,RU,2022-03-13 05:47:46,66.4167,112.4,-5.89,83,92,1.12
569,Rathdrum,US,2022-03-13 05:47:47,47.8137,-116.892,43.77,68,0,8.05
570,Mayumba,GA,2022-03-13 05:47:47,-3.432,10.6554,75.45,90,100,2.84
571,Srednekolymsk,RU,2022-03-13 05:47:47,67.45,153.6833,-0.06,94,100,6.64
572,Imeni Poliny Osipenko,RU,2022-03-13 05:47:48,52.4201,136.4853,24.51,77,99,3.4
573,Quatre Cocos,MU,2022-03-13 05:47:48,-20.2078,57.7625,84.09,81,68,12.03
574,Samana,DO,2022-03-13 05:47:48,19.2056,-69.3369,73.78,91,29,4.34
575,Chase,CA,2022-03-13 05:47:49,50.8165,-119.6857,36.32,99,100,2.26
